,timestamp,desired_vel,quat_1,quat_2,quat_3,quat_4,pos_x,pos_y,pos_z,vel_x,vel_y,vel_z,velcmd_x,velcmd_y,velcmd_z,ct_cmd,br_cmd_x,br_cmd_y,br_cmd_z,is_collide
0,1752412621.929,7.5,1.0,-8.7564215e-18,-1.3857963e-17,-1.00658335e-17,-2.0448087e-16,-1.1293161e-16,2.1226454,-5.9455545e-16,3.2954484e-16,1.2769594,1.0,0.20163186,-0.23964375,9.50030810978945,6.214049631557948e-16,3.2308221326634385e-15,4.026333530148643e-17,False
1,1752412621.969,7.5,1.0,5.472798e-17,6.023511e-17,-1.1615251e-17,-2.2221695e-16,-1.0315985e-16,2.160832,-5.807766e-16,3.1584053e-16,1.2686661,1.0,0.28915402,-0.19689205,9.474817554700678,-6.389072368560702e-16,1.8068752734337403e-15,4.6461004724805693e-17,False
2,1752412622.009,7.5,1.0,1.1787099e-16,1.3912482e-16,-1.1007963e-17,-2.4410248e-16,-9.1709594e-17,2.211337,-5.0355235e-16,2.487152e-16,1.2563719,1.0,0.30484524,-0.22147816,9.441646195079247,-2.0528143522696612e-15,1.1018718882964342e-16,4.403185395968588e-17,False
3,1752412622.049,7.5,1.0,1.6211246e-16,2.0545184e-16,-7.252085e-18,-2.6539543e-16,-8.2487265e-17,2.2737343,-3.3782228e-16,1.1329631e-16,1.2391545,1.0,0.35073468,-0.13273434,9.401104633872125,-3.3194180488240377e-15,-1.6194952143992442e-15,2.90083418095983e-17,False
4,1752412622.099,7.5,1.0,1.6987939e-16,2.3350038e-16,-6.766094e-18,-2.756391e-16,-8.047197e-17,2.322999,-1.709253e-16,-1.34366085e-17,1.2238626,1.0,0.19690065,-0.09349549,9.369878710961874,-3.8700268108589284e-15,-2.6518691323365685e-15,2.7064375718999757e-17,False
5,1752412622.139,7.5,1.0,1.5262189e-16,2.3833117e-16,-9.208692e-18,-2.78911e-16,-8.350942e-17,2.371627,7.853456e-18,-1.3622836e-16,1.2073334,1.0,0.06723203,0.06510036,9.339433212979765,-3.937108522065022e-15,-3.298660118977263e-15,3.6834768654702894e-17,False
6,1752412622.179,7.5,1.0,1.08225e-16,2.009052e-16,-1.17715105e-17,-2.7514137e-16,-9.104521e-17,2.4195695,1.7579351e-16,-2.348603e-16,1.1895875,1.0,-0.044616684,0.09188814,9.309910496733423,-3.4102767352955945e-15,-3.106896463625276e-15,4.708604307490938e-17,False
7,1752412622.249,7.5,1.0,3.6715536e-17,3.9028525e-17,-1.3867702e-17,-2.5576197e-16,-1.1118258e-16,2.5016785,3.4202126e-16,-3.243869e-16,1.1557215,1.0,-0.12502038,0.059652854,9.260642061267118,-2.3854636662480912e-15,-5.076455520818172e-16,5.5470808824840054e-17,False
8,1752412622.299,7.5,1.0,1.0327387e-17,-6.5443685e-17,-1.22887e-17,-2.3870823e-16,-1.2806378e-16,2.5588102,3.2376045e-16,-3.4698578e-16,1.1292578,1.0,-0.11525343,0.07574916,9.228519160257624,-2.028374415994529e-15,1.549713719544345e-15,4.915480167602778e-17,False
9,1752412622.379,7.5,1.0,-3.5374945e-17,-2.969406e-18,-1.0187937e-17,-2.1682183e-16,-1.5531377e-16,2.647349,2.406551e-16,-3.2228487e-16,1.0835267,1.0,-0.120812364,0.050977807,9.181373132803563,-1.1913711828479457e-15,4.538212379612263e-16,4.0751747368520845e-17,False
10,1752412622.449,7.5,1.0,-7.4106e-17,5.694299e-17,-8.742603e-18,-1.9861783e-16,-1.7574553e-16,2.7217028,2.9283888e-16,-2.5268255e-16,1.0404035,1.0,-0.16697405,0.19503522,9.144582966840295,-3.077651561191853e-16,-1.0135696457702908e-15,3.4970411579435966e-17,False
11,1752412622.489,7.5,1.0,-8.250669e-17,2.9002375e-17,-8.488177e-18,-1.8619096e-16,-1.8471099e-16,2.762805,3.2497904e-16,-1.9467427e-16,1.0145638,1.0,-0.13679561,0.13035452,9.125616070850006,-1.8947318607438017e-18,-6.282440443182441e-16,3.395270714019621e-17,False
12,1752412622.539,7.5,1.0,-8.9954436e-17,-8.996331e-18,-7.8023555e-18,-1.6956854e-16,-1.9250243e-16,2.8127017,3.3412686e-16,-1.1588391e-16,0.9811012,1.0,-0.11351262,0.052711412,9.104358741979247,3.6003741220626183e-16,1.018604846302082e-17,3.120942350376774e-17,False
13,1752412622.579,7.5,1.0,-9.591263e-17,-3.9395294e-17,-7.253699e-18,-1.5648256e-16,-1.9579617e-16,2.8513968,3.1648227e-16,-4.8100033e-17,0.953531,1.0,-0.07954271,-0.0043630637,9.089092978411013,6.823967116490558e-16,6.041317912394774e-16,2.901479659462496e-17,False
14,1752412622.619,7.5,1.0,-9.634469e-17,-6.903539e-17,-6.8115466e-18,-1.4454371e-16,-1.9629761e-16,2.8889756,2.7687022e-16,2.3232483e-17,0.92531115,1.0,-0.10620595,0.03459715,9.075448605665045,9.222155722505178e-16,1.2618242933326585e-15,2.7246185497256923e-17,False
15,1752412622.659,7.5,1.0,-5.9329854e-17,-9.6608124e-17,-6.4874626e-18,-1.3460763e-16,-1.9410222e-16,2.9254138,2.1662e-16,8.190967e-17,0.8964991,1.0,-0.161378,0.08392331,9.063498678111012,3.869256621383593e-16,1.9577355983614556e-15,2.5949849504356392e-17,False
16,1752412622.729,7.5,1.0,1.2296183e-17,-1.0901112e-16,-5.4662618e-18,-1.2424158e-16,-1.8693099e-16,2.9863696,7.7077503e-17,1.07340713e-16,0.8448532,1.0,-0.006385232,0.26301563,9.046765841570208,-9.231079768275733e-16,2.611288537052202e-15,2.1865046379839112e-17,False
17,1752412622.769,7.5,1.0,2.4408715e-17,-8.254861e-17,-7.008149e-18,-1.2263715e-16,-1.8290275e-16,3.019563,6.3531078e-18,9.2610645e-17,0.8147499,1.0,-0.025955046,0.35996443,9.039688565244814,-1.1924926190825241e-15,2.308214286773007e-15,2.803259347303288e-17,False
18,1752412622.809,7.5,1.0,1.33805e-17,-3.4479694e-17,-1.1477011e-17,-1.2337133e-16,-1.7952531e-16,3.051545,-3.7257753e-17,7.759593e-17,0.7843017,1.0,-0.06621889,0.48768306,9.03445994863144,-1.0035021122822555e-15,1.4960946487272674e-15,4.5908044807501457e-17,False
19,1752412622.849,7.5,1.0,-1.0637324e-17,2.573779e-17,-1.5164844e-17,-1.2507005e-16,-1.7649955e-16,3.0823035,-4.0410145e-17,7.659559e-17,0.75359404,1.0,-0.10013501,0.5186046,9.031024438784302,-5.099965295546212e-16,3.119285886009159e-16,6.065938018895502e-17,False
20,1752412622.899,7.5,1.0,-4.7235828e-17,7.867935e-17,-1.4327068e-17,-1.2602474e-16,-1.7214845e-16,3.119018,1.0156552e-17,1.0325355e-16,0.7149442,1.0,-0.14742883,0.50372094,9.029318089830666,3.3450258524335564e-16,-9.094680671485582e-16,5.730827096249436e-17,False
21,1752412622.979,7.5,1.0,-4.0334865e-17,8.7140394e-17,-1.6109395e-17,-1.2008211e-16,-1.6083157e-16,3.1737304,1.4043429e-16,1.7797687e-16,0.65284383,1.0,-0.20158291,0.50006914,9.032495209799496,5.075249890113381e-16,-1.5445152159097497e-15,6.443758102469481e-17,False
22,1752412623.049,7.5,1.0,6.6210928e-18,4.8610807e-17,-1.3225451e-17,-1.069494e-16,-1.4738662e-16,3.2175298,2.2658404e-16,1.953886e-16,0.598631,1.0,-0.22310103,0.47702438,9.041271510419836,-2.991763823815443e-16,-1.1325974989732502e-15,5.290180438413686e-17,False
23,1752412623.089,7.5,1.0,-1.1828964e-17,2.0509387e-17,-1.1149431e-17,-9.473248e-17,-1.3768157e-16,3.2464998,2.578662e-16,1.9590866e-16,0.560223,1.0,-0.261808,0.52281284,9.050842334346648,1.2533900849531316e-16,-7.415781422850211e-16,4.4597723447042286e-17,False
24,1752412623.139,7.5,1.0,-3.062319e-17,-2.2821251e-18,-9.555637e-18,-8.4230994e-17,-1.2958273e-16,3.268299,2.6445427e-16,2.1130543e-16,0.5297911,1.0,-0.2700361,0.51755524,9.060460247451212,5.970149722905788e-16,-3.6516204765938923e-16,3.822254743548348e-17,False
25,1752412623.209,7.5,1.0,-9.622395e-18,-2.1548019e-17,-9.598938e-18,-6.628098e-17,-1.134027e-16,3.303542,2.4401722e-16,2.4620008e-16,0.4773479,1.0,-0.2263193,0.56111974,9.081631051814943,3.813861115354862e-16,-1.0201259915752785e-17,3.8395750833705016e-17,False
26,1752412623.249,7.5,1.0,2.8248238e-17,-1.2000982e-17,-1.222227e-17,-5.67859e-17,-1.03599945e-16,3.3220472,2.319947e-16,2.3923824e-16,0.44800252,1.0,-0.20909984,0.52753663,9.095958745727444,-3.4540022416198637e-16,-2.129888195801856e-16,4.8889079692419913e-17,False
27,1752412623.299,7.5,1.0,5.126686e-17,-2.3345523e-17,-1.2206133e-17,-4.5481868e-17,-9.251827e-17,3.3435452,2.1843651e-16,2.0052405e-16,0.41205832,1.0,-0.20201425,0.5073823,9.116191347645632,-8.728823338793331e-16,-2.4743703874817017e-18,4.8824531842150977e-17,False
28,1752412623.379,7.5,1.0,3.1540972e-17,-5.712362e-17,-8.624265e-18,-3.0211045e-17,-7.9165334e-17,3.3742716,1.5399689e-16,1.3848236e-16,0.35656518,1.0,-0.19287215,0.5208761,9.15365345624223,-6.093849536830724e-16,8.02787836021391e-16,3.449706067746313e-17,False
29,1752412623.449,7.5,1.0,2.3132885e-17,-3.0042108e-17,-8.384362e-18,-2.152139e-17,-7.070545e-17,3.3976004,1.0111516e-16,1.0474219e-16,0.3103739,1.0,-0.13168138,0.50140256,9.191283201762884,-5.054163553457364e-16,3.8788108380038504e-16,3.353744930346537e-17,False
30,1752412623.499,7.5,1.0,1.8935316e-17,-6.426517e-17,-8.467199e-18,-1.7328583e-17,-6.596636e-17,3.4123282,6.103719e-17,8.545791e-17,0.27897444,1.0,-0.11717528,0.50182766,9.220402607048062,-4.58375390398053e-16,1.1806782436769148e-15,3.3868794934845726e-17,False
31,1752412623.569,7.5,1.0,1.3365698e-17,-6.2339904e-17,-8.5236785e-18,-1.6441118e-17,-6.07546e-17,3.4303834,-3.537019e-17,6.463068e-17,0.2373835,1.0,-0.07287698,0.48933926,9.264367502220226,-3.8591995975653053e-16,1.4500673920456372e-15,3.409471241078705e-17,False
32,1752412623.609,7.5,1.0,1.0672481e-17,-2.027699e-18,-8.494362e-18,-1.8525745e-17,-5.83535e-17,3.4394274,-6.132093e-17,5.574977e-17,0.21498623,1.0,-0.06985037,0.4977259,9.29078694736197,-3.4747294238407824e-16,3.382591450046347e-16,3.3977450482798457e-17,False
33,1752412623.649,7.5,1.0,8.979391e-18,4.8468724e-17,-8.326269e-18,-2.0700059e-17,-5.626878e-17,3.447596,-4.1074735e-17,4.8754085e-17,0.19362262,1.0,-0.039274454,0.46325448,9.318096642723118,-3.245548454781024e-16,-7.260581685387548e-16,3.3305077042497293e-17,False
34,1752412623.689,7.5,1.0,2.0407287e-17,4.2755702e-17,-6.5928905e-18,-2.158721e-17,-5.4498255e-17,3.4549308,-4.0564697e-18,3.8267764e-17,0.17326531,1.0,-0.036754552,0.48413968,9.3465216678065,-5.768587582150437e-16,-7.266111996162697e-16,2.6371562126112453e-17,False
35,1752412623.739,7.5,1.0,3.5658052e-17,-2.0192182e-17,-4.384278e-18,-2.1200909e-17,-5.3184408e-17,3.4629896,9.322446e-18,1.1832246e-17,0.14939679,1.0,-0.019071342,0.48809,9.382911345024478,-9.587407605406824e-16,4.870131276579163e-16,1.7537113019308385e-17,False
36,1752412623.809,7.5,1.0,3.2281124e-17,-8.086785e-17,-4.2922977e-18,-2.2621866e-17,-5.400651e-17,3.4723618,-6.2736925e-17,-3.454539e-17,0.11897368,1.0,0.0020990712,0.4826162,9.435224233596749,-1.0416583097324868e-15,1.9367136313760093e-15,1.7169190272775564e-17,False
37,1752412623.859,7.5,1.0,7.852515e-18,-8.4731604e-17,-6.8973413e-18,-2.7798493e-17,-5.633087e-17,3.4778159,-1.4515964e-16,-5.4448244e-17,0.099509224,1.0,0.00398165,0.47620264,9.472820215177357,-6.268143933785203e-16,2.3010738551110454e-15,2.7589364901185664e-17,False
38,1752412623.939,7.5,1.0,-1.6342945e-17,1.9499393e-17,-9.017738e-18,-4.2850454e-17,-6.040248e-17,3.4846532,-2.0372756e-16,-4.1317106e-17,0.07222619,1.0,-0.0049008136,0.50004095,9.533161282149692,-1.1996426473832917e-16,4.758686198176444e-16,3.60709524265197e-17,False
39,1752412623.979,7.5,1.0,-1.6157908e-17,7.779712e-17,-8.512114e-18,-5.0406908e-17,-6.180758e-17,3.4873006,-1.6667942e-16,-2.8954028e-17,0.060355812,1.0,0.006581506,0.49410465,9.563152862143856,-9.082659215683827e-17,-7.695146555369056e-16,3.404845311809411e-17,False
40,1752412624.049,7.5,1.0,8.2665354e-19,1.4781497e-16,-7.1103494e-18,-5.694732e-17,-6.315983e-17,3.4908786,-3.1933001e-18,-1.3509382e-17,0.04248369,1.0,-1.3740268e-05,0.49815685,9.614217163740951,-3.8715845984396617e-16,-2.65017290155608e-15,2.844139652473527e-17,False
41,1752412624.089,7.5,1.0,8.7249654e-18,1.1367561e-16,-8.514265e-18,-5.4916918e-17,-6.3761894e-17,3.492403,1.00294207e-16,-1.7499332e-17,0.033936173,1.0,-0.0012948789,0.51153135,9.64204103615859,-5.595914851583429e-16,-2.3007864062307775e-15,3.4057059498129975e-17,False
42,1752412624.139,7.5,1.0,3.9399503e-17,2.8267733e-17,-7.542013e-18,-4.778338e-17,-6.5018474e-17,3.4938662,1.7138445e-16,-3.7698823e-17,0.024881965,1.0,0.0056245932,0.5090253,9.675116598880425,-1.240892938568896e-15,-8.498333410736023e-16,3.0168051519428477e-17,False
43,1752412624.209,7.5,1.0,9.208051e-17,-1.0120542e-16,-4.002908e-18,-3.6721426e-17,-7.060867e-17,3.4952416,1.1449473e-16,-1.3501452e-16,0.014950353,1.0,0.008293947,0.50882626,9.718280796791916,-2.6216730078033246e-15,1.859596743523502e-15,1.6011632157953245e-17,False
44,1752412624.249,7.5,1.0,8.124288e-17,-1.1736753e-16,-5.777436e-18,-3.3860218e-17,-7.739481e-17,3.4957514,2.6546676e-17,-2.028945e-16,0.010704817,1.0,0.00690306,0.51205474,9.740452446077335,-2.6470458459867793e-15,2.4394009064528092e-15,2.310974409252377e-17,False
45,1752412624.299,7.5,1.0,4.6003478e-17,-1.00141456e-16,-5.936385e-18,-3.5281622e-17,-8.926721e-17,3.4961815,-8.0485157e-17,-2.6613013e-16,0.006726423,1.0,0.007931919,0.51319367,9.76520842530577,-2.1947238028158485e-15,2.4307396690330267e-15,2.374554041767249e-17,False
46,1752412624.369,7.5,1.0,2.9758602e-18,-5.889469e-17,-7.252085e-18,-4.5099158e-17,-1.0935651e-16,3.4965174,-1.9042001e-16,-2.9835052e-16,0.0032542918,1.0,0.008622552,0.5138802,9.794000692005635,-1.531677703581677e-15,1.991407930255466e-15,2.9008341809597174e-17,False
47,1752412624.449,7.5,1.0,-4.331674e-17,-8.501797e-18,-8.967444e-18,-6.297118e-17,-1.324408e-16,3.4967053,-2.4324055e-16,-2.666718e-16,0.0018402012,1.0,0.00913185,0.51459515,9.816116369600248,-6.232761132690062e-16,1.2341813681551944e-15,3.586977829318151e-17,False
48,1752412624.499,7.5,1.0,-5.4036867e-17,6.448766e-18,-7.729201e-18,-7.5148154e-17,-1.4454677e-16,3.4967983,-2.4138856e-16,-2.1579864e-16,0.0019791464,1.0,0.01275949,0.51647234,9.823006436921654,-3.1407974769167216e-16,9.907495204199196e-16,3.0916806582547575e-17,False
49,1752412624.539,7.5,1.0,-4.280326e-17,-6.487315e-19,-4.081979e-18,-8.4733245e-17,-1.5238476e-16,3.4968858,-2.3881782e-16,-1.7764519e-16,0.002437671,1.0,0.013377132,0.51684785,9.824251381711093,-4.619582090839268e-16,1.1734901708741317e-15,1.6327916624270672e-17,False
50,1752412624.609,7.5,1.0,-2.6581052e-17,-2.450641e-18,-3.530364e-18,-1.01807795e-16,-1.6293638e-16,3.4970946,-2.5027762e-16,-1.2772884e-16,0.003539246,1.0,0.013398976,0.51710284,9.817958301131554,-6.884578952616219e-16,1.3322448310259872e-15,1.4121455942578605e-17,False
51,1752412624.649,7.5,1.0,-1.3730429e-06,5.232717e-05,2.8848135e-08,5.4865374e-09,1.4392368e-10,3.4972587,2.7441306e-06,7.199277e-08,0.0074916743,1.0,0.008025833,0.5134305,12.616935024543062,-0.033496933538638154,1.3095404301679885,0.0004392619082563629,False
52,1752412624.699,7.5,0.9999669,-0.00020576522,0.008128446,4.415065e-06,3.9294795e-05,1.0211662e-06,3.4994068,0.00315346,8.136726e-05,0.09162249,1.0,-0.03976178,0.44214866,12.450552484532585,-0.018322236745427274,1.3682235995962977,0.0003521883717627714,False
53,1752412624.739,7.5,0.99961543,-0.0005723388,0.027723927,8.998378e-06,0.00043447246,1.0732135e-05,3.5049915,0.019800391,0.00046692943,0.18755205,1.0,-0.093287386,0.52307326,11.778671259246464,0.11741739255978458,1.2353102284998487,-0.0011409755448513362,False
54,1752412624.809,7.5,0.99716526,0.0012427229,0.07523245,-0.00014233928,0.00436813,6.578075e-05,3.5234945,0.10574156,0.00059361727,0.3369613,1.0,0.22563554,0.48452708,11.39110564652403,-0.343842246654638,0.6427703529514208,0.0020833895103845364,False
55,1752412624.859,7.5,0.99471575,0.0007716071,0.102664396,-1.9659417e-05,0.012132778,4.6443573e-05,3.5424612,0.20961703,-0.0012970866,0.4180328,1.0,0.32008958,0.5376487,11.201077128766501,-0.6791041553975574,0.3266644521863301,0.0018835385829329633,False
56,1752412624.899,7.5,0.9931874,-0.0065767034,0.11633913,0.00083267846,0.02247493,1.4971134e-05,3.5602558,0.3094145,0.00084708637,0.47071543,1.0,0.18908787,0.43327287,11.302541804944843,-0.8278425460055244,0.17122333019456829,0.0016309741129311123,False
57,1752412624.979,7.5,0.99115235,-0.036449082,0.12754914,0.00444072,0.055909764,0.0012086087,3.601544,0.52597857,0.037436206,0.54667896,1.0,0.3715063,0.3105628,9.737742917804336,-0.2505958540166131,0.5225997355296422,0.010010720375066624,False
58,1752412625.019,7.5,0.98980176,-0.049903363,0.13328525,0.0060929265,0.079033054,0.0033831275,3.623421,0.6301439,0.07285797,0.54394126,1.0,0.33303657,0.28300154,9.639251693428323,-0.22070942199703072,0.19734894907333028,0.006930136204881248,False
59,1752412625.049,7.5,0.98859453,-0.057275373,0.13911182,0.006945387,0.09912173,0.006038055,3.6395783,0.7093706,0.10475278,0.5320174,1.0,0.28031185,0.116425276,9.419720980730595,0.08605579095204248,-0.0655806824594911,0.0029682811433398553,False
60,1752412625.089,7.5,0.98727506,-0.062917106,0.1458524,0.00751585,0.12963668,0.011147478,3.6603246,0.81601495,0.1509238,0.5009861,1.0,0.290544,0.0021830779,8.517111453964151,0.4001892983366401,-0.24493556646164152,0.0018111329577043863,False
61,1752412625.139,7.5,0.98691195,-0.061422393,0.14893034,0.007202982,0.17364758,0.020099036,3.6836104,0.94279844,0.2060165,0.42360416,1.0,0.3056797,0.0057862196,8.018999274786216,0.44893880597230607,-0.5903663480747489,-0.0037982596594674394,False
62,1752412625.219,7.5,0.9896688,-0.0457263,0.13577408,0.005500349,0.25664747,0.039583225,3.7110393,1.1298478,0.27768865,0.26447183,1.0,0.12169188,0.27402058,8.698763338567781,0.3782425852211168,-1.1907166577029569,-0.014364993704930062,False
63,1752412625.289,7.5,0.99444056,-0.027555212,0.10154666,0.0041193613,0.34105134,0.060742643,3.7261336,1.2786334,0.32438833,0.1847806,1.2789426,0.20037934,0.027816972,9.852955849569856,0.9807565893309145,-0.909813191548229,-0.006370278100851228,False
64,1752412625.329,7.5,0.99692994,-0.011723827,0.07735669,0.0030236202,0.3936208,0.07406926,3.733208,1.3465602,0.33986205,0.16823411,1.4760779,0.18958403,0.4011295,9.000171793845697,0.3678820037991495,0.07235445485824199,-0.008351304619646945,False
65,1752412625.369,7.5,0.9981431,0.004595823,0.060711157,0.0018634137,0.4485302,0.0877563,3.739425,1.3969262,0.34243667,0.1434931,1.6819882,-0.093711205,0.058593053,11.13719059122669,0.08063344977091574,0.5121637068110086,-0.009875330870812412,False
66,1752412625.449,7.5,0.997136,0.027041638,0.07062923,0.00025223242,0.56401753,0.11435142,3.7512403,1.4921244,0.31697014,0.1463979,2.1150658,-0.022088109,0.24771388,9.429653345510614,0.9074998796451511,1.6762248057577598,-0.04213045954543635,False
67,1752412625.489,7.5,0.99418014,0.04128384,0.09950339,-0.00073124893,0.6249194,0.12654619,3.7568433,1.5572245,0.29069656,0.13600765,2.285412,0.23874088,0.47384223,10.78731501063111,0.04444423198030685,1.2451889350613599,-0.034536289827312175,False
68,1752412625.539,7.5,0.9881574,0.056035317,0.14283991,-0.0013395606,0.70573133,0.1398583,3.7639923,1.6854014,0.23809819,0.1581815,2.5838711,0.27019453,0.6106245,11.92675434718016,-1.1224615615232194,0.20119733078035068,-0.0289371105733261,False
69,1752412625.619,7.5,0.9832391,0.03561668,0.1787809,0.0031201674,0.85239565,0.15488742,3.780612,1.9966463,0.14301933,0.2670544,3.0499341,0.5807254,0.34508437,12.099443554314105,-1.6442765245295685,-0.2200227695674086,-0.03849477138090108,False
70,1752412625.699,7.5,0.98450834,-0.030848363,0.17206527,0.013610618,1.0254776,0.16521904,3.8063142,2.3215418,0.13651964,0.35955355,3.6742349,0.44908375,0.085356936,10.139873916290192,-0.8951914037686385,1.107690765829387,-0.007914538204841544,False
71,1752412625.769,7.5,0.9788353,-0.08156376,0.18652712,0.020893099,1.1966972,0.17745149,3.8314235,2.5688066,0.22392583,0.34323385,4.3919454,0.26875427,0.066303425,9.457711848002019,1.0199976629070322,1.200983606462361,0.007243089662314144,False
72,1752412625.809,7.5,0.97355306,-0.087379776,0.21014404,0.01996761,1.3023556,0.18776284,3.8443606,2.7165291,0.29215652,0.30123153,4.782687,0.23442672,0.076826826,9.633823336328891,1.5008239240742023,0.6106129966698278,0.008416757408675691,False
73,1752412625.849,7.5,0.96911544,-0.07266156,0.23520517,0.01463236,1.4142623,0.2007667,3.8554065,2.8820863,0.35611367,0.25030285,5.3034835,0.21899797,0.059722275,9.831523240343941,1.5140909580472615,-0.0032177032082847546,0.011593220382631263,False
74,1752412625.889,7.5,0.96630573,-0.03587276,0.25484803,0.004348065,1.5640672,0.22008368,3.8662763,3.1138065,0.41045725,0.18459915,5.7493863,0.19969356,0.09958296,10.167074582092441,1.0652892723756349,-0.5597781999131987,0.017694310802063136,False
75,1752412625.929,7.5,0.9661831,-0.011569258,0.25758937,-0.002007932,1.6596775,0.23263922,3.871246,3.2609737,0.42413494,0.14755067,6.2237906,0.17481834,0.16262847,10.320758328667749,0.6309556539710393,-0.6878184064803919,0.021060879245318704,False
76,1752412625.979,7.5,0.9683146,0.021307565,0.24860676,-0.010367218,1.8289876,0.25379762,3.8773675,3.512108,0.41633886,0.101804316,6.8587036,0.15821335,0.21666536,10.837000259645569,0.0382802497581125,-0.7352889950988287,0.02605009287788954,False
77,1752412626.059,7.5,0.97536725,0.039495934,0.21650407,-0.014992995,2.125828,0.28482133,3.8845003,3.9063008,0.35292855,0.09299001,7.4865937,0.09640844,0.4377414,11.904794726862123,-0.3991165142442849,-0.4887099326671743,0.030508282082567964,False
78,1752412626.139,7.5,0.98163724,0.02753726,0.18835682,-0.012315832,2.453485,0.31013012,3.8949864,4.2817626,0.28309658,0.18469311,7.4914207,-0.06086609,0.35343143,12.526668886935093,0.14726766339573472,-0.10147055244869668,0.0290291608358431,False
79,1752412626.209,7.5,0.9835959,0.023076463,0.1785829,-0.010709657,2.7640533,0.328361,3.9119306,4.583718,0.23991665,0.28685573,7.4988704,0.03884019,-0.124247424,10.074330826429929,0.2743643520397921,1.0502995015064467,0.012345462149925126,False
80,1752412626.259,7.5,0.9813043,0.029207505,0.18990718,-0.011136777,2.9979746,0.33965722,3.9264822,4.7701807,0.21157363,0.28203946,7.494589,0.011464948,-0.2846207,8.95134230795248,0.13389140982701492,1.4582307150886098,0.0014506113320868045,False
81,1752412626.299,7.5,0.9762585,0.035554897,0.21335827,-0.011550432,3.1916795,0.3476245,3.9368513,4.9155946,0.18637203,0.23014125,7.494611,0.019182095,-0.2836365,8.314220469273671,0.12329152040946866,1.439752755779506,-0.008547625034182403,False
82,1752412626.339,7.5,0.9686175,0.041023053,0.2448708,-0.011642378,3.391318,0.3545366,3.944441,5.0686646,0.15878658,0.14559698,7.4972477,0.0044191107,-0.20312083,8.513961655583579,-0.0916182451564303,0.6398419109403359,-0.005408777692543075,False
83,1752412626.399,7.5,0.9571736,0.044554207,0.2858582,-0.010897444,3.7031498,0.36270157,3.9487624,5.3345485,0.11240096,-0.0014149239,7.4998045,-0.0069590355,-0.053719774,9.787565633305563,-0.27177943609691135,-1.008232743148169,0.00654009500050512,False
84,1752412626.459,7.5,0.95596117,0.04055226,0.29052836,-0.00933038,4.032485,0.36794943,3.944803,5.650043,0.06240265,-0.122152895,7.499949,-0.0143378815,-0.02353842,10.58810891269068,-0.35342537333372825,-1.5002264906271698,0.008222003284263002,False
85,1752412626.499,7.5,0.962073,0.034576554,0.27046824,-0.00817744,4.262907,0.3698032,3.9388363,5.8706174,0.030827615,-0.17153591,7.499494,-0.083121784,-0.026167061,10.990238662304543,-0.304928083975545,-1.260290939374824,0.008129133011121536,False
86,1752412626.539,7.5,0.97022796,0.027519505,0.24052024,-0.0071007623,4.502005,0.3704732,3.931454,6.0816627,0.003530384,-0.19318673,7.4977837,-0.1438315,-0.11203268,11.137888118263978,-0.03863362504330891,-0.699539380384365,0.008765361564890325,False
87,1752412626.579,7.5,0.97711706,0.021977734,0.21146704,-0.006400281,4.7491813,0.37015504,3.9236743,6.2732906,-0.01862551,-0.19375873,7.496084,-0.017346956,-0.24169964,10.783525197113754,0.22170108591194215,0.04683073006293187,0.005907246327543742,False
88,1752412626.649,7.5,0.98174644,0.020790916,0.18894462,-0.0064498633,5.19861,0.36770853,3.9102302,6.5595937,-0.050805125,-0.19428588,7.4799085,0.19549344,0.5125947,10.544202740452699,-0.6722845692381789,0.6065924013664608,0.008431182926103153,False
89,1752412626.689,7.5,0.98051023,0.017748177,0.19558458,-0.005599535,5.46413,0.3653218,3.9024014,6.718797,-0.06824764,-0.19394657,5.909212,-1.640051,4.3175735,13.958927251900704,-0.7421435082121003,-0.6462441494011772,0.008048364065517762,False
90,1752412626.739,7.5,0.9790297,0.0065195123,0.20359342,-0.0028363657,5.806756,0.3614172,3.8961205,7.0341206,-0.08753388,0.048126556,7.469518,-0.63460845,0.23146272,33.901643780080995,1.4769257407983418,-3.5631644970567726,0.06864292985180326,True
91,1752412626.809,7.5,0.9878493,0.020266721,0.15404,-0.0038313682,6.321323,0.3545825,3.9295213,7.5803504,-0.110275276,0.74944407,7.4513993,-0.6312197,-0.5728951,7.8698141972365585,3.1154429447871324,0.47141415835667316,-0.01691194054290811,True
92,1752412626.859,7.5,0.988612,0.074019946,0.1304445,-0.012310432,6.704272,0.3481292,3.9679768,7.7195396,-0.15245959,0.74106836,7.406585,-0.94956315,-0.70059216,5.401474017392307,3.202610239216749,1.9112743036547044,-0.1197457565349687,True
93,1752412626.899,7.5,0.9791964,0.13983072,0.14545882,-0.021527564,7.0144625,0.34100324,3.994919,7.7884417,-0.20751995,0.5952874,7.4742255,-0.53006434,-0.3240192,5.465877043713537,3.859961344513934,1.243751896780857,-0.14205871492213923,True
94,1752412626.969,7.5,0.9383789,0.27775672,0.20205797,-0.038325593,7.64329,0.317385,4.027206,7.943311,-0.4105726,0.20894168,7.4950504,0.12706442,0.24098444,10.20187072270187,-6.0074434874825435,-2.579538885529278,0.05322076774528622,True
95,1752412627.009,7.5,0.9390223,0.27642688,0.20100753,-0.037700284,7.8827844,0.30326298,4.0315876,8.026015,-0.5354729,0.08984758,7.4867945,0.29161206,0.3359659,10.843366271020395,-6.353466237222293,-2.7936194898746765,0.05281289639646754,True
96,1752412627.049,7.5,0.9705297,0.17782423,0.16040337,-0.026859907,8.288102,0.2707681,4.0331583,8.188396,-0.7580188,-0.0020528908,7.485609,0.37371778,0.2756616,11.863691011710387,-5.731900437272486,-1.994907667464081,0.018377866670345456,False
97,1752412627.089,7.5,0.98947763,0.07935601,0.119776756,-0.017032655,8.535145,0.24657936,4.033204,8.278221,-0.8446618,0.0121456655,7.468439,0.37990704,0.572787,11.974374153834413,-4.163368223563943,-1.1576104729812238,0.018684803340892522,False
98,1752412627.129,7.5,0.99465555,-0.08766647,0.05452275,-0.0014705312,8.951839,0.20372218,4.0358386,8.378855,-0.8356782,0.10656945,7.469144,0.30978134,0.60491943,13.370136377598506,-0.636305480453164,0.03176460567825013,0.02704270070041315,False
99,1752412627.179,7.5,0.98365617,-0.17836222,0.023933103,0.005892306,9.28785,0.17279427,4.0421853,8.4164095,-0.6946724,0.20973316,7.450802,0.5991383,0.61366177,12.982716890636949,1.297672516710393,0.6810966256970358,0.034228426508126894,False
100,1752412627.249,7.5,0.97818637,-0.20585585,0.02714214,0.006174964,9.962596,0.13384722,4.06597,8.453325,-0.2731612,0.37571725,7.4824495,0.21640314,0.46489418,12.214368614900339,1.9729766683968744,0.7730663234538623,0.043661101090984394,False
101,1752412627.289,7.5,0.9844451,-0.1695488,0.045995954,0.0023367761,10.3013525,0.12672989,4.0822983,8.487307,-0.090518646,0.4373648,7.4953337,0.12443367,0.23343226,9.945880927180387,2.3786380901803894,0.6024541551252446,0.04864239509322575,False
102,1752412627.339,7.5,0.99072003,-0.11948449,0.064748414,-0.0022042117,10.64179,0.12589325,4.1006308,8.536459,0.038620394,0.47205234,7.4998927,0.024320785,-0.031836793,9.645411490842212,1.7130730420059692,0.27329711309273974,0.04810447213233511,False
103,1752412627.379,7.5,0.99451137,-0.06860578,0.07874239,-0.006326958,10.984387,0.12909772,4.119597,8.594044,0.113229595,0.468616,7.498977,-0.041825842,-0.1165619,8.131092146907028,1.214760128544951,0.2880392154219679,0.05108986737994589,False
104,1752412627.459,7.5,0.9954683,0.0060889097,0.09421145,-0.011401286,11.676579,0.1403711,4.152757,8.710714,0.1507731,0.34188947,7.4844813,-0.4597776,-0.14541262,7.80860494455619,1.577148953181734,0.11068556295562676,0.0416606938915726,False
105,1752412627.499,7.5,0.9944014,0.03596313,0.098466076,-0.013303806,12.026198,0.14618821,4.164728,8.770678,0.1369495,0.2565744,7.4819865,-0.45367393,-0.25309083,8.191635396784317,1.3444867361810278,-0.05519979641145192,0.04120435484443948,False
106,1752412627.579,7.5,0.9904189,0.09312533,0.10048201,-0.017360596,12.732846,0.15424287,4.1785884,8.895714,0.052015558,0.08889589,7.4979076,-0.1493738,-0.095242254,8.387182647740353,-0.5750288615196182,-0.20033634364352448,0.03806609965889721,False
107,1752412627.659,7.5,0.99058163,0.09779525,0.09431677,-0.016984992,13.449652,0.15292016,4.179972,9.026685,-0.090199545,-0.0358286,7.4666796,0.69186914,-0.14146502,10.132878553802641,-2.4938259524454325,-0.4354571405696721,0.03679799679653923,False
108,1752412627.699,7.5,0.9940018,0.06427705,0.08740699,-0.013744792,13.812103,0.14794096,4.178129,9.095581,-0.15488069,-0.052955918,7.450858,0.85309774,-0.08330576,9.570723661843308,-4.074728460252015,-0.17157869706242596,0.030815342654068885,False
109,1752412627.769,7.5,0.9949132,-0.068086855,0.07421487,-0.0020173276,14.544844,0.13386078,4.1731806,9.220175,-0.1620824,-0.06757476,7.4353914,0.9770598,-0.10154002,10.20581094784342,-2.5801173862846936,0.054882053088030285,0.03370032732171066,False
110,1752412627.819,7.5,0.98733133,-0.14138243,0.07190449,0.0041897153,14.914793,0.12883955,4.170273,9.277105,-0.07898702,-0.07785316,7.3838124,1.2392368,-0.43999928,10.2330034473825,-1.0645097768894067,0.09721653657342098,0.03302175723886968,False
111,1752412627.869,7.5,0.975151,-0.20890741,0.07310215,0.00971042,15.38039,0.128986,4.1657934,9.345757,0.09329486,-0.110742904,7.2742333,1.5172609,-1.0165849,8.962251349695041,-0.9998982837944571,0.34854956954621713,0.06321375202734297,False
112,1752412627.929,7.5,0.9606709,-0.26487324,0.08215525,0.0142870145,15.943414,0.14175957,4.1558213,9.419776,0.33170828,-0.2441409,7.4457045,0.3769658,-0.8181547,6.307286011439785,3.452530656298943,0.6867296830631546,0.08864937906841201,False
113,1752412627.969,7.5,0.94796884,-0.30300167,0.09612768,0.017451312,16.32108,0.15802312,4.142863,9.463063,0.47973716,-0.41339117,7.48907,-0.10180837,-0.3917437,6.789755337147814,4.643316708726651,0.2842588513507985,0.07228442284586917,False
114,1752412628.019,7.5,0.95048654,-0.28889433,0.11371537,0.013572302,16.795761,0.1868566,4.116506,9.529618,0.6817938,-0.6270503,7.4908752,-0.13405064,-0.34470162,10.02256113235903,6.954303647867268,-0.7307021795152762,0.046647106258962644,False
115,1752412628.059,7.5,0.97267115,-0.20052975,0.11701211,0.002614925,17.17844,0.21763074,4.089323,9.607542,0.8520182,-0.7186958,7.4825854,-0.018689977,-0.51046145,10.955848243702013,5.829929503833224,-0.8501748220803329,0.06664462026431818,False
116,1752412628.099,7.5,0.99208015,-0.06631247,0.10608508,-0.01120444,17.564524,0.2541509,4.0600386,9.696417,0.9574833,-0.7371113,7.482897,-0.24026848,-0.44556713,10.340163098857198,3.452834804048781,-0.5369704882947773,0.07904919296161088,False
117,1752412628.139,7.5,0.99369353,0.06717416,0.086720176,-0.023245841,17.954002,0.2927455,4.0306764,9.775088,0.95383674,-0.72805375,7.491211,-0.19736949,-0.30463213,10.935332259846765,1.5022765921295524,-0.22445218529493366,0.0819496081396901,False
118,1752412628.209,7.5,0.97655344,0.20411582,0.05967896,-0.033444542,18.642038,0.35280395,3.9809382,9.87606,0.72463703,-0.6907943,7.4852505,-0.28999618,-0.37003505,11.626130573732132,-1.8251095964034076,0.11428154430571304,0.07672741553408755,False
119,1752412628.259,7.5,0.9761111,0.20771319,0.054855715,-0.032452814,19.137234,0.3830753,3.947101,9.9307785,0.48598713,-0.6634341,7.479621,0.32640383,-0.44578803,11.240537989858012,-2.0665990614678225,0.2449845392925522,0.06735728938481088,False
120,1752412628.299,7.5,0.982961,0.17197254,0.05829155,-0.028552668,19.535336,0.39898095,3.9210012,9.974944,0.31539723,-0.6420802,7.4742517,0.5441947,-0.29901555,10.581110708542646,-3.4290160106321648,0.179813001522473,0.06585968025833787,False
121,1752412628.379,7.5,0.9965216,0.0423905,0.06983242,-0.016466627,20.337461,0.4148116,3.8720198,10.086548,0.114707254,-0.55036664,7.449939,0.7752531,0.38392538,13.83225752043308,-2.6881448896855815,-0.7234582479515678,0.0475348358096778,False
122,1752412628.459,7.5,0.9940404,-0.09199563,0.058321964,-0.0043587843,21.150341,0.42465422,3.8393831,10.23637,0.18481462,-0.23167373,7.400986,0.3911264,1.1499684,15.968915422105022,0.7070581673221262,-1.2340798883498163,0.002187206177074409,False
123,1752412628.529,7.5,0.99288625,-0.1171801,0.021040902,0.0017339382,21.870575,0.4461525,3.8372343,10.3292465,0.4451972,0.19561724,7.0742373,-1.7889736,1.7334197,18.423997381907164,3.8436799870027247,-1.0511254942815222,-0.005767508106177851,False
124,1752412628.569,7.5,0.9970663,-0.07635081,-0.0039095185,0.0037384646,22.284098,0.46702752,3.851298,10.340953,0.59060633,0.5190924,6.935084,-2.193171,1.8288294,19.96575077683043,5.267313303216897,-0.8921661020036965,0.004555853628731171,False
125,1752412628.609,7.5,0.9996211,0.0050991746,-0.026410373,0.0058456156,22.697363,0.49226397,3.8796506,10.316364,0.6503537,0.9058622,6.9533205,-2.175482,1.7800591,19.94818529662427,4.753519004252842,-0.8530609300310177,0.02214894037259871,False
126,1752412628.659,7.5,0.98911756,0.13832,-0.049203105,0.009648214,23.211483,0.52236897,3.9374394,10.24182,0.51040775,1.3949589,6.847962,-0.8215331,2.946269,18.131935399874266,2.820869656091252,-1.0215492967387045,0.08531541058314944,False
127,1752412628.729,7.5,0.95702773,0.27945638,-0.0762176,0.013890522,23.923143,0.5396535,4.0548043,10.078896,-0.08785013,1.9461939,7.0361648,-2.0490847,1.5948765,20.515792192802564,-3.599570864425099,-0.6637211013721682,0.08361747264319631,False
128,1752412628.769,7.5,0.95567805,0.2800636,-0.090090334,0.01129497,24.323906,0.5272194,4.138276,9.9587965,-0.52235174,2.2094853,6.3118353,-4.050993,-0.013907958,13.468542333693186,-0.2441531445396364,-1.7236426737813009,0.27602026660584844,False
129,1752412628.809,7.5,0.9618807,0.25048286,-0.10945502,0.00796889,24.719929,0.49951226,4.229751,9.843094,-0.84325564,2.3442507,6.7458463,-3.2700498,0.22435234,13.403647530022083,8.42641225462597,-3.0553596602601014,1.817449912075012,False
130,1752412628.859,7.5,0.9432922,0.2929445,-0.15211223,0.035287064,25.20825,0.44905445,4.348997,9.687057,-1.175285,2.4047165,7.0524473,-2.3359778,1.0277097,10.757142177636469,6.972818845948131,-3.832755505526827,1.718791380952591,False
131,1752412628.899,7.5,0.8862961,0.41007543,-0.20037322,0.0785367,25.593206,0.39637476,4.443963,9.561981,-1.4660271,2.3214436,7.115672,-2.156723,0.98272884,8.754198292735177,-0.8190031399118467,-2.2013391957278357,0.506506649274715,False
132,1752412628.969,7.5,0.7523364,0.5849746,-0.28574336,0.10072455,26.255705,0.27367455,4.592554,9.3686075,-2.0494213,1.8705511,7.453238,-0.3873672,0.74107516,9.016431211298677,-11.25582486048968,0.995030564393754,0.2440129224514279,False
133,1752412629.009,7.5,0.752296,0.565594,-0.33282056,0.058177546,26.628021,0.18514061,4.6604204,9.244478,-2.3641634,1.5204779,7.4935565,0.2772315,0.14054245,8.245424751740991,-13.797358594690389,-1.096561565430181,0.7145138263366458,False
134,1752412629.049,7.5,0.8207435,0.43904614,-0.36543342,-0.0087767355,26.994854,0.085519135,4.7145634,9.08819,-2.608709,1.1974465,7.492623,-0.18917897,0.27351508,8.74519446980755,-13.438109835632316,-4.261952168707719,0.9728031436220759,False
135,1752412629.089,7.5,0.88145685,0.2393724,-0.3967261,-0.09134024,27.354362,-0.02253663,4.757243,8.879513,-2.776029,0.94857836,7.4955373,-0.24109206,0.093783565,9.417773411243003,-9.766861603414307,-1.2032317826580552,0.8506429324291982,False
136,1752412629.139,7.5,0.8813271,-0.042301003,-0.42843267,-0.19472696,27.790634,-0.16284278,4.798611,8.565223,-2.7956345,0.7152726,7.479605,0.48452693,0.26596668,9.687027313065093,-4.796218333042385,0.2322475482084441,0.8409771559586785,False
137,1752412629.209,7.5,0.80608004,-0.3274929,-0.39870426,-0.28985912,28.37518,-0.34773117,4.837977,8.153298,-2.4138398,0.40485924,7.4799,0.54200673,-0.08556593,10.385600433813662,0.8059083861091398,1.456388732776473,0.855421261467648,False
138,1752412629.259,7.5,0.7873646,-0.39784127,-0.35147342,-0.3134417,28.777685,-0.4578558,4.8518376,7.9582644,-1.9792991,0.14911863,7.438395,0.9590312,0.02318764,11.565888306586027,2.3308383592332356,1.5885073069524112,0.9255497235108171,False
139,1752412629.289,7.5,0.79911137,-0.39560664,-0.327282,-0.31273448,29.014973,-0.5129926,4.8541327,7.861764,-1.6946896,0.0071886214,7.3330407,0.9655795,1.2426451,12.864302816355574,2.152448086953208,1.6316387454752126,1.0053095701330168,False
140,1752412629.329,7.5,0.8306349,-0.3603363,-0.30062032,-0.29971793,29.32676,-0.5727783,4.8514495,7.7210326,-1.2828742,-0.12320895,7.315214,0.120677866,1.6501765,18.257418489432542,2.972404628223458,3.680721099432602,1.1822439197098245,False
141,1752412629.379,7.5,0.8826739,-0.28234795,-0.2566359,-0.27441642,29.706999,-0.6222129,4.845163,7.4779577,-0.6930358,-0.08942373,3.715072,-0.37779206,6.5042686,19.38610978909716,3.3664526856432033,4.056172693066469,1.0903836442246433,False
142,1752412629.459,7.5,0.9564938,-0.11258421,-0.13330789,-0.23382337,30.286112,-0.64199686,4.8620577,7.0029173,0.13909487,0.65410733,7.3995924,1.0877894,0.55923843,14.456471255163386,-0.3083246516958443,0.6597327783146683,0.9320243206764612,False
143,1752412629.499,7.5,0.97178996,-0.054452706,-0.07887248,-0.21549556,30.563549,-0.6330235,4.894772,6.8844857,0.2845786,0.9463079,7.331861,1.5061946,0.47454575,10.585896357622563,-2.365121722367901,-1.2912089209411388,0.8365889989688492,False
144,1752412629.569,7.5,0.97674704,-0.0798146,-0.06238937,-0.18895085,31.042088,-0.60923904,4.9681706,6.7987213,0.39374915,1.1015284,7.388448,1.2545254,-0.29496163,8.565600549682332,-3.7986724801591176,-2.601173842988383,0.6432685670200642,False
145,1752412629.619,7.5,0.9629877,-0.18017969,-0.103073426,-0.17194706,31.380825,-0.58677804,5.022303,6.7502146,0.5128168,1.0352417,7.417366,0.9926857,-0.497253,6.15217641373937,-3.944542588233412,-2.9710191902062517,0.36653881138605576,False
146,1752412629.699,7.5,0.89471453,-0.3708559,-0.20055085,-0.14741504,31.917303,-0.5354199,5.0911856,6.6599183,0.7775925,0.63440293,7.4051323,0.9744832,-0.6814617,4.643258030571403,2.2965820295878046,0.1251160033554775,0.29467801233118635,False
147,1752412629.739,7.5,0.8685125,-0.41517663,-0.23492123,-0.13463439,32.182728,-0.5015711,5.1109247,6.610034,0.9163318,0.34920686,7.3867345,0.9883263,-0.8422377,4.821475411799884,2.958792522698448,1.1324389101726267,0.28041761572645674,False
148,1752412629.779,7.5,0.8690164,-0.4099788,-0.24887538,-0.1216098,32.446003,-0.46205828,5.118996,6.5526195,1.0589046,0.054184295,7.3113985,1.3920572,-0.92500097,4.832314690457912,3.6781685362055856,1.736017348187801,0.27032325646483857,False
149,1752412629.819,7.5,0.890943,-0.3677704,-0.24277152,-0.10967018,32.706863,-0.41695243,5.1153545,6.4889665,1.1964267,-0.23241228,7.235414,1.7448591,-0.9242531,5.814794929091655,1.9630105537260913,1.8170180556603845,0.3143593073199193,False
150,1752412629.889,7.5,0.94044244,-0.26727128,-0.18706481,-0.095608,33.219894,-0.3098418,5.0774074,6.3278055,1.4916588,-0.67364407,7.1876283,2.141845,0.022434706,12.517274597549836,1.4516939706396776,2.3247950441326948,0.407447269930104,False
151,1752412629.929,7.5,0.95208395,-0.24439943,-0.15789434,-0.09420455,33.40865,-0.2631184,5.05582,6.254537,1.6276429,-0.75368255,7.329181,1.5641347,0.29425877,13.021182453201726,1.4219777966783906,1.8183579941862145,0.382214099378914,False
152,1752412629.969,7.5,0.9639909,-0.22007564,-0.11648195,-0.09338195,33.656815,-0.19382979,5.02524,6.1555786,1.8408037,-0.75799656,7.277924,1.3975171,1.1527214,14.153700813862201,2.9791142956121424,1.4412997337914326,0.34854024625928,False
153,1752412630.019,7.5,0.97785103,-0.17538379,-0.06953253,-0.090626225,33.96201,-0.09475213,4.9900966,6.056776,2.1256077,-0.61014813,7.334566,1.4523345,0.58724934,18.495391729832285,3.2423696259825285,0.854265614741322,0.3403038321003454,False
154,1752412630.049,7.5,0.98598576,-0.13402285,-0.047602873,-0.087200604,34.14302,-0.028494446,4.9744806,6.013038,2.285625,-0.42530316,7.3874855,1.1823566,-0.52639574,15.030716298260387,2.7165221312363377,0.18919047575558703,0.32475428311817567,False
155,1752412630.089,7.5,0.99389964,-0.069102444,-0.029382955,-0.080777794,34.382763,0.06589651,4.9620504,5.978215,2.4147499,-0.22205538,7.3654814,1.2666528,-0.6287047,8.480090134993768,3.202501788045194,-0.8206068187110341,0.31986841088986756,False
156,1752412630.139,7.5,0.99684405,0.014687175,-0.03255289,-0.07089822,34.681004,0.18786372,4.9523683,5.951275,2.4474607,-0.19515051,7.259001,1.8847697,0.067471825,7.69866545895466,1.8796568537720562,-1.053682166596101,0.3147390043513743,False
157,1752412630.179,7.5,0.99394405,0.07274127,-0.052970834,-0.06307172,34.91849,0.28531203,4.9435835,5.919829,2.4177084,-0.23988989,7.3419046,1.4579574,0.4698858,11.352784842644072,-1.6431890203111974,-0.39835344148472807,0.27123127613139614,False
158,1752412630.249,7.5,0.989465,0.10060062,-0.08869146,-0.054519646,35.329086,0.4499903,4.9282174,5.7944274,2.2725244,-0.15580052,7.361245,-0.3827136,1.3840511,14.790766211766718,0.21320201706796102,0.8765552122579752,0.22128436720028485,False
159,1752412630.289,7.5,0.9908141,0.08633621,-0.090574,-0.05128174,35.558743,0.53887844,4.9249225,5.6843762,2.1711824,0.010759703,7.288229,-0.6711737,1.6374508,19.023147183795956,1.8463382031846236,1.2391311336570765,0.18230181167594292,False
160,1752412630.329,7.5,0.99242926,0.08413457,-0.07647261,-0.046448845,35.783638,0.6235674,4.9308305,5.5608487,2.0608852,0.30154252,7.3480434,-0.507767,1.4136598,19.813472231992602,2.347332993229175,0.9981174261044949,0.16813275725558335,False
161,1752412630.379,7.5,0.99133265,0.11667076,-0.047404286,-0.037421398,36.05832,0.72241676,4.956816,5.4358516,1.8829587,0.7338268,7.409951,0.5733149,-1.0069456,17.036620981143614,2.177418265813887,0.2693366819698599,0.16954296698191682,False
162,1752412630.459,7.5,0.96666837,0.25274903,-0.039319877,-0.011142217,36.489326,0.85986835,5.02889,5.3545547,1.5448048,0.93603146,7.173172,0.114025064,-2.1869156,8.176578419917885,15.816764835288817,-3.6699299631474918,3.8537108603304295,False
163,1752412630.499,7.5,0.9145909,0.39086893,-0.09881806,0.031303864,36.70241,0.9157535,5.067099,5.294923,1.2383488,0.9473156,6.969723,0.2981423,-2.7539186,8.676753065013774,14.637277804081062,-4.545292203473169,3.8403964184947,False
164,1752412630.539,7.5,0.806806,0.5535275,-0.18266755,0.096456744,36.91284,0.9590417,5.101667,5.226824,0.9234993,0.7511374,7.054085,0.7457719,-2.435922,11.14642321762785,12.879560932901244,-6.239479314557897,3.7813102209833245,False
165,1752412630.579,7.5,0.6386896,0.70390576,-0.26858005,0.15638758,37.120617,0.988769,5.1251507,5.165837,0.5582967,0.3948659,7.429301,0.4157493,-0.9394893,8.544848164719294,10.085554256059254,-7.5463427162921475,3.7133009492983025,False
166,1752412630.619,7.5,0.4252478,0.8154591,-0.34969732,0.1786131,37.326633,1.00439,5.131111,5.1427126,0.2518769,-0.112712875,6.842505,-1.7923046,2.4935455,1.295787509808799,-10.014478595500506,11.431668881233954,-1.6932199126213354,False
167,1752412630.689,7.5,0.08150588,0.8906568,-0.43604118,0.0997765,37.68807,1.0072224,5.079622,5.212392,-0.18035735,-1.5662029,2.5043237,-2.3876708,6.6541257,36.678384164607905,-11.535921121239356,15.15247940931589,-1.8181516575969,False
168,1752412630.729,7.5,-0.01385651,0.9077163,-0.41817433,0.03145405,37.89852,0.9976085,4.990052,5.3087206,-0.2657141,-2.9697757,2.161121,-2.1128998,6.864052,38.5909239576749,-14.837102585167505,13.194572011112403,-1.1560811360147256,False
169,1752412630.769,7.5,0.07117167,0.9245077,-0.3731854,0.030866966,38.1119,0.9864553,4.839661,5.347235,-0.32403356,-4.5593057,2.5045347,-0.4251206,7.056669,40.81333934697836,-17.398760692268194,9.098865243870799,-0.3865005816411536,False
170,1752412630.819,7.5,0.30425555,0.8942346,-0.30627444,0.118190564,38.37934,0.95852494,4.562955,5.3567085,-0.9268882,-6.4800386,6.881535,-1.4240812,2.6203942,40.12261028853948,-16.207131573515234,9.416474387648691,-0.8529327656559809,False
171,1752412630.859,7.5,0.5056175,0.79922676,-0.25063303,0.20681058,38.59481,0.9009039,4.277016,5.4308057,-2.0469468,-7.742463,7.4795985,-0.37217596,-0.40876916,40.07483936966488,-13.211933485275644,10.035228560957888,-1.4030868747936676,False
172,1752412630.899,7.5,0.690464,0.6394779,-0.1767465,0.28825018,38.81491,0.7896082,3.9522808,5.587349,-3.5478601,-8.360792,7.3679323,-0.85054886,-1.1136162,40.70233229987469,-11.550267669582038,8.812412831593415,-1.5227475193782611,False
173,1752412630.969,7.5,0.8977059,0.24469028,0.0018083733,0.36639807,39.220665,0.4566152,3.3839114,6.0360866,-5.714051,-7.511403,7.432938,-0.9084243,-0.4197621,41.38270275672434,-6.453339019606836,3.503719429439525,-1.5564949399490835,False
174,1752412631.009,7.5,0.92741203,0.0004704322,0.08456385,0.36435643,39.46784,0.21932545,3.1057098,6.3157797,-6.0161204,-6.3702,7.4990554,0.06277636,0.10112259,42.49428987122363,-3.3164447635909995,0.7901851019626283,-1.522424929858404,False
175,1752412631.059,7.5,0.8953201,-0.2620054,0.139337,0.33217502,39.79029,-0.06906863,2.822809,6.5544047,-5.350933,-5.0019836,7.4842024,0.4645642,0.14455886,42.89960730406555,0.9903492981774122,-2.0376193865823145,-1.4303660462695897,False
176,1752412631.099,7.5,0.8500798,-0.40720826,0.14953312,0.2986397,40.05416,-0.2622261,2.639237,6.62171,-4.2481623,-4.230962,7.3952837,1.0094589,-0.73536813,40.08481201169815,3.564119017151245,-3.107870986115159,-1.339620108740393,False
177,1752412631.199,7.5,0.8499828,-0.45221302,0.09494862,0.25301653,40.712234,-0.52661526,2.2686055,6.5000086,-1.1585438,-3.3039403,7.42436,-0.8718315,-0.6072846,26.305273952784265,4.419175085178607,-1.92303817507152,-1.1022560221132225,False
178,1752412631.259,7.5,0.9170036,-0.3098127,0.040436782,0.2479626,41.098347,-0.5565704,2.0866814,6.3692036,0.07172059,-2.713957,7.467741,-0.54923004,-0.42565754,25.133596043307197,4.9709854088638155,-1.7409259621952358,-1.0244432585751586,False
179,1752412631.289,7.5,0.94471365,-0.22069728,0.018153552,0.2418249,41.288475,-0.5478863,2.011069,6.3074107,0.48238266,-2.318758,7.489643,-0.37287265,0.12730888,24.302716976979067,4.180538038814266,-1.1803778301308183,-0.9809247312263008,False
180,1752412631.329,7.5,0.9680374,-0.10203394,-0.0027136921,0.22909655,41.53939,-0.52135074,1.9298236,6.2421503,0.8033394,-1.7337061,7.489718,-0.2674917,0.28737003,24.14507053281277,2.180829284987338,-0.14049647060609935,-0.91520536339756,False
181,1752412631.379,7.5,0.97781426,0.012401002,-0.010496131,0.20884296,41.850216,-0.47761315,1.8621874,6.1989174,0.8980953,-0.9799676,7.4928837,0.10083809,0.31069022,21.152099985539596,0.03333716337143184,0.7292242319780342,-0.83707884407086,False
182,1752412631.449,7.5,0.98110825,0.067242816,0.009344477,0.18115653,42.28432,-0.41936165,1.8252555,6.218265,0.7456164,-0.13140093,7.49823,0.14594775,-0.072446965,16.35049307765801,-1.9079927446161167,1.3045927122129055,-0.7334637528026836,False
183,1752412631.489,7.5,0.98427874,0.04557206,0.030414162,0.16790946,42.533844,-0.39128318,1.826863,6.2605176,0.6664732,0.19169013,7.4804087,0.27350494,-0.46762732,13.682823164785853,-1.7416456892920507,1.2348987043597623,-0.6758777213851652,False
184,1752412631.529,7.5,0.98626685,0.0028472259,0.05333681,0.15628445,42.785324,-0.36527383,1.8390551,6.3147335,0.6438128,0.39730734,7.4606953,0.4032303,-0.6522471,9.91047495123293,-1.7365611829842555,1.6412473076704652,-0.5808332091724514,False
185,1752412631.579,7.5,0.984646,-0.056175787,0.08247742,0.143227,43.102898,-0.3322894,1.8620256,6.38944,0.68627775,0.4977841,7.447439,0.52829325,-0.71172374,9.606852443254857,-0.7478662065331986,1.2616856452007512,-0.5175841246383016,False
186,1752412631.649,7.5,0.9771671,-0.11797728,0.1237749,0.12611698,43.55434,-0.27969164,1.8970582,6.5144863,0.8292107,0.486755,7.4806714,0.35303593,-0.40610608,9.787729178871082,0.8406644166661171,0.4210619588775896,-0.42565349337999264,False
187,1752412631.689,7.5,0.9741733,-0.13088119,0.1428146,0.116019055,43.81667,-0.24438629,1.9159731,6.6047153,0.9381946,0.45926955,7.4951735,0.26824746,0.020261874,10.933384333234097,1.8186688276582044,-0.3155674902921282,-0.39403575911196936,False
188,1752412631.739,7.5,0.9759527,-0.11577823,0.15391771,0.1020838,44.150326,-0.19374219,1.9388219,6.748774,1.0895821,0.47083497,7.4937735,0.19734691,0.2332432,12.937115057085586,2.2644116458867956,-0.9089851971825557,-0.35419646600957433,False
189,1752412631.809,7.5,0.98615265,-0.045412686,0.13771679,0.08046597,44.631298,-0.110845976,1.9765799,6.997295,1.260849,0.63356084,7.4750557,-0.5378092,0.29035205,14.062181275653657,1.9149874739763904,-0.6351839868187076,-0.29589713115690214,False
190,1752412631.849,7.5,0.99041504,0.004091938,0.12000077,0.0682727,44.91403,-0.059554785,2.0047574,7.136765,1.2941728,0.77641445,7.423159,-0.8308722,0.67554086,13.178928157612583,2.727469022152422,-0.49770195019918956,-0.26980634863340747,False
191,1752412631.889,7.5,0.9913195,0.055910267,0.10475706,0.056441646,45.202015,-0.008084924,2.0386217,7.2610297,1.2692462,0.91989505,7.455465,-0.5600619,0.59360313,14.60121846199992,2.2431074013789334,-0.6887815731344632,-0.2307103307200356,False
192,1752412631.929,7.5,0.98869985,0.10877749,0.09275495,0.04512783,45.494823,0.041135706,2.0786486,7.3772287,1.1816634,1.0794848,7.4760647,-0.5091194,0.31504655,13.18198323710513,0.9828969716520515,-0.3555269960415104,-0.21093956625253754,True
193,1752412631.969,7.5,0.9840431,0.15314281,0.08343405,0.03528729,45.791973,0.085773654,2.1244924,7.4768972,1.0446761,1.2017368,7.4835787,-0.26747644,0.41774043,11.183261816781927,0.4365583640109828,-0.03750853912165626,-0.1995443397028334,True
194,1752412632.009,7.5,0.97991025,0.18123937,0.078450985,0.027814334,46.092724,0.12445271,2.173873,7.558587,0.88695997,1.2596538,7.470063,-0.08566493,0.6639478,11.089968047425868,-1.0257197249608763,-0.061782654750806056,-0.16779786774393873,False
195,1752412632.049,7.5,0.9789141,0.18766437,0.07725252,0.023267414,46.396564,0.15661116,2.2249136,7.6333203,0.71980405,1.2923862,7.4577913,-0.12610832,0.78450006,11.918628190825672,-2.110248264754599,-0.34063287807627896,-0.13289577736380717,False
196,1752412632.089,7.5,0.9824774,0.16882753,0.075976886,0.021515975,46.703403,0.18204172,2.2774606,7.708623,0.5536508,1.33844,7.4679527,0.010286587,0.6925153,12.218258073123343,-1.9775072651125845,-0.5957261353277642,-0.10890999136017908,True
197,1752412632.139,7.5,0.99017584,0.11995233,0.06860839,0.021357708,47.09114,0.20518513,2.3463445,7.798889,0.38244367,1.4169228,7.4824295,-0.031112675,0.5121316,11.245627564062453,-1.6061476990104826,-0.6438968133311164,-0.0975397343789253,False
198,1752412632.219,7.5,0.9980381,0.038504254,0.044816338,0.020708492,47.719612,0.22933362,2.4635396,7.902648,0.24878272,1.4936715,7.477148,-0.169843,0.5598282,9.603311766370195,0.273910775887277,-0.5094188084124325,-0.08088821155495074,False
199,1752412632.299,7.5,0.99941605,0.020237532,0.02116397,0.017607702,48.354195,0.2476336,2.58354,7.9555964,0.21330225,1.5094366,7.4843254,-0.17786108,0.45082384,10.135810321631286,1.1015150508096005,-0.4432010915476776,-0.06438861831553788,False
200,1752412632.339,7.5,0.99913585,0.03684703,0.011119418,0.01569035,48.67271,0.25577027,2.6441476,7.9688907,0.1913598,1.5190443,7.4928865,-0.115008794,0.30565545,9.551995337879452,0.6362597950122624,-0.3419762224968098,-0.05768511474543551,False
201,1752412632.399,7.5,0.9975301,0.069004245,-0.0011258916,0.013072097,49.151104,0.2655976,2.7349136,7.9751897,0.13106096,1.4960432,7.4988437,-0.1070203,0.07677277,8.30890729270767,-0.17437267379669236,-0.24229401843042314,-0.045920092887418024,False
202,1752412632.449,7.5,0.9965011,0.08236944,-0.008529092,0.011316586,49.549805,0.27052936,2.80819,7.9717484,0.06511506,1.4294273,7.4994097,-0.087296724,0.035174347,8.088280084697338,-0.600054468089578,-0.21907575540564952,-0.03659157625352523,False
203,1752412632.489,7.5,0.99661154,0.0805449,-0.0132643,0.010103272,49.868553,0.27205363,2.8639812,7.9652023,0.011472126,1.359089,7.499629,-0.061248355,0.04257523,8.221437684058525,-0.82021114104004,-0.200982402306152,-0.03126432243197911,False
204,1752412632.529,7.5,0.9973867,0.069514595,-0.017531086,0.008950608,50.18698,0.27150822,2.916906,7.9556575,-0.03771684,1.2884148,7.4998755,-0.03997386,0.016259212,8.60345019538032,-0.8867878411118142,-0.16514280916205493,-0.0277311313116724,False
205,1752412632.579,7.5,0.9985773,0.04779956,-0.022403888,0.007525008,50.584373,0.26831165,2.9794226,7.939271,-0.08738387,1.2149122,7.4998097,-0.02059723,-0.04934275,8.832896270041482,-0.7137473969111963,-0.12432743716356547,-0.02428216913206535,False
206,1752412632.659,7.5,0.9995014,0.012046086,-0.028670987,0.005457647,51.21817,0.25937617,3.0726926,7.904042,-0.12778859,1.1187943,7.4999223,-0.01865065,-0.0285815,8.910632251740122,-0.28238521828601687,-0.06708894559326281,-0.020300274007108984,False
207,1752412632.739,7.5,0.9994403,-0.0072261468,-0.03241063,0.0040470557,51.84878,0.24893011,3.159109,7.8598356,-0.12876217,1.050107,7.499888,-0.03212344,0.025549885,9.571003171786101,0.03282184822924967,0.03044956092163063,-0.017040698492741965,False
208,1752412632.779,7.5,0.99940646,-0.009629658,-0.032878526,0.0036122943,52.162685,0.24390283,3.2007446,7.8352027,-0.122276925,1.0331591,7.4997897,-0.053697385,0.016591638,9.789322006627483,0.17695752728352218,0.057001994951636395,-0.015591046244157917,False
209,1752412632.819,7.5,0.9994305,-0.0086504435,-0.03244968,0.0033105903,52.47559,0.23915672,3.2418878,7.8099833,-0.11513315,1.0251119,7.4998183,-0.022461219,0.047078814,9.782459601276955,0.2332186582682903,0.05897524798632008,-0.014293870409056927,False
210,1752412632.859,7.5,0.9994893,-0.0050506657,-0.031398486,0.003118844,52.78749,0.23466823,3.2828112,7.7850523,-0.10975076,1.021988,7.4998918,-0.011789726,0.03854517,9.949323370441208,0.06497662614158811,0.06435654142007106,-0.013017597674440209,False
211,1752412632.899,7.5,0.9995438,-0.00087155023,-0.030043479,0.0029714054,53.098404,0.2303335,3.3237197,7.760783,-0.10753695,1.0238667,7.4999843,0.0022827913,0.01516379,9.895503840376806,-0.06393414124260301,0.05345935392503689,-0.011934301839461479,False
212,1752412632.969,7.5,0.9996101,0.0016787237,-0.027747637,0.0026260524,53.640244,0.22276998,3.39553,7.7209888,-0.10915972,1.0262048,7.499729,0.06084473,-0.018983923,9.656486719120117,-0.2738468535770151,0.03145297677355785,-0.010252596973700878,False
213,1752412633.019,7.5,0.9996406,-0.0022826092,-0.026616838,0.0022540234,54.02563,0.21729137,3.4467065,7.694682,-0.1093425,1.0199559,7.499134,0.10187298,-0.051144127,9.631141818659007,-0.3601048996196153,0.03470846569700038,-0.009107476488432607,False
214,1752412633.059,7.5,0.9996221,-0.00874708,-0.025991049,0.0018887467,54.33301,0.21298204,3.487356,7.674445,-0.10529755,1.0119731,7.4974504,0.18159068,-0.07252665,9.516706527148441,-0.3970192375764795,0.03902395939565169,-0.008184209935144258,False
215,1752412633.099,7.5,0.9995276,-0.017176975,-0.02544216,0.0014903162,54.639595,0.20894384,3.5276153,7.6548204,-0.09555262,1.0004765,7.497149,0.20658734,0.008842443,9.485426533056913,-0.5121559280369126,0.04761069701927697,-0.007162784982161556,False
216,1752412633.169,7.5,0.9990099,-0.037547965,-0.023853194,0.00065153773,55.25044,0.20277134,3.606961,7.616124,-0.05264301,0.9949484,7.498857,-0.05225069,0.12007041,10.44739927785703,0.6855422078001056,0.11897044290352898,-0.005215845718544069,False
217,1752412633.209,7.5,0.9988356,-0.04258566,-0.022664128,0.00040527806,55.478703,0.20156153,3.6370554,7.6015778,-0.027449623,1.0117009,7.4994698,-0.08870656,-0.008828277,10.353164161774803,0.8623620587656083,0.11862202349775389,-0.004482814360006297,False
218,1752412633.259,7.5,0.9990682,-0.038274456,-0.019941667,0.0002664528,55.858215,0.20129554,3.6883032,7.5795307,0.015827384,1.0352794,7.49946,-0.071432576,-0.054703664,9.587408428193333,1.0525965717657828,0.08466693972691433,-0.0037147846147926526,False
219,1752412633.289,7.5,0.9994591,-0.027395463,-0.018189099,0.00035451044,56.08543,0.20208406,3.7194054,7.56823,0.03555764,1.0366663,7.4992237,-0.08689647,-0.06401771,9.352971076785558,0.8672779073514797,0.06606233800783727,-0.003261469852894199,False
220,1752412633.339,7.5,0.99987435,-0.0020545614,-0.015703408,0.0006557948,56.463425,0.20432536,3.7709367,7.552131,0.049959,1.0222932,7.4991612,-0.09571738,-0.05841591,9.385858178533578,0.4903684002560197,0.05167481428293077,-0.002966021683709187,False
221,1752412633.399,7.5,0.999434,0.030941803,-0.013159174,0.0010507386,57.06671,0.20766681,3.8514397,7.530563,0.025110234,0.99136215,7.499128,-0.10176049,-0.052290954,9.601600952058122,-0.15469339231914084,0.056618072042719236,-0.0031885209324604125,False
222,1752412633.459,7.5,0.9992591,0.036489926,-0.0121884635,0.0010929413,57.367737,0.20816174,3.890846,7.520932,-0.0011041517,0.979468,7.4992256,-0.099208176,-0.042119954,9.658069438995417,-0.32820341372252326,0.06310137330507273,-0.0033061224569627475,False
223,1752412633.499,7.5,0.9993272,0.034921244,-0.011161198,0.0010467791,57.668392,0.20755747,3.9298363,7.511982,-0.028946856,0.97065437,7.499324,-0.09230818,-0.040320948,9.749953915206792,-0.378377705019003,0.06874739557740965,-0.0033271984209930212,False
224,1752412633.539,7.5,0.99954194,0.028554289,-0.009982775,0.00094973133,57.968704,0.20588695,3.9685473,7.5037994,-0.05377997,0.9654083,7.499302,-0.09374524,-0.041070733,9.782116115308181,-0.3401213258106274,0.06944844801479945,-0.0032149539283942838,False
225,1752412633.619,7.5,0.99989784,0.012283625,-0.0072717206,0.00073278457,58.568443,0.20014827,4.0455756,7.490321,-0.08540716,0.9612425,7.4994383,-0.0836865,-0.037769902,9.804191194933788,-0.11317806722699084,0.05787507419927715,-0.0027927219962893862,False
226,1752412633.659,7.5,0.999961,0.006513124,-0.005925998,0.0006485609,58.86795,0.19657281,4.0840125,7.485161,-0.0926131,0.9607226,7.499497,-0.07896486,-0.036184277,9.81499822019082,-0.03757373574732095,0.049414679924674174,-0.002550078226219375,False
227,1752412633.729,7.5,0.9999899,0.0021481565,-0.0039024674,0.0005441715,59.39166,0.18987349,4.1512694,7.478473,-0.097811535,0.9611186,7.499572,-0.072750024,-0.033702217,9.826864035921876,0.0025247307784979785,0.03608089803151325,-0.002175084624584005,False
228,1752412633.779,7.5,0.9999941,0.0019460422,-0.0027905873,0.00048967346,59.7655,0.18493456,4.199346,7.4752088,-0.099717684,0.96201706,7.499595,-0.07089026,-0.032505896,9.828128380156851,-0.013550292200258343,0.02968275502126467,-0.001956057505707215,False
229,1752412633.809,7.5,0.99999505,0.0021625373,-0.0022436976,0.00046055013,59.98973,0.18192519,4.228216,7.4737287,-0.10092852,0.9626722,7.499612,-0.0695381,-0.031282622,9.83078867672473,-0.03171900455018148,0.027168046129168885,-0.0018376722287494426,False
230,1752412633.849,7.5,0.999996,0.0022855946,-0.0016185477,0.00042381143,60.288647,0.1778529,4.266742,7.4722176,-0.10270228,0.9636254,7.4996266,-0.06853631,-0.030065093,9.832095935279407,-0.05036958306400743,0.024746148767715307,-0.001690602826069821,False
231,1752412633.899,7.5,0.9999979,0.0017623082,-0.0009489942,0.0003807322,60.662224,0.17266415,4.314955,7.470964,-0.10476241,0.9649329,7.499638,-0.06776247,-0.02889655,9.831665402359,-0.058358982419469844,0.022355757714143384,-0.0015189520308163883,False
232,1752412633.979,7.5,0.9999999,-0.00040058806,-2.4585534e-05,0.00031956818,61.25986,0.1642122,4.3922367,7.4702168,-0.105959445,0.9671179,7.4996567,-0.06654473,-0.026892742,9.832038053419403,-0.03878556646878517,0.0180552947002693,-0.0012684279788844704,False
233,1752412634.059,7.5,0.99999654,-0.00250577,0.00075415923,0.00026834325,61.857494,0.15580961,4.469695,7.470812,-0.10354702,0.96932393,7.4996705,-0.06551155,-0.025553498,9.82950816124817,-0.008399090882271754,0.012598808255914643,-0.0010521404627932811,False
234,1752412634.099,7.5,0.9999946,-0.0030954485,0.0010727205,0.0002459758,62.15634,0.15171072,4.508489,7.4715333,-0.10132088,0.97035015,7.4996758,-0.06504165,-0.025134731,9.827275978659133,0.0012090995140579455,0.009836479686678995,-0.0009585715821772727,False
